{"originVersion":"v1.8.8","originMethod":"System.Windows.Forms.Control.EndInvoke()","originLine":0,"receptionTime":null,"nbReceived":null,"UUID":"3da6b42a-e9fe-44e8-aa4a-43973c0dda44","message":"Error while analyzing the current document : Auf das verworfene Objekt kann nicht zugegriffen werden.\r\nObjektname: \"CodeExplorerForm\".","fullException":"System.ObjectDisposedException: Auf das verworfene Objekt kann nicht zugegriffen werden.\r\nObjektname: \"CodeExplorerForm\".\r\n   bei System.Windows.Forms.Control.EndInvoke(IAsyncResult asyncResult)\r\n   bei YamuiFramework.Helper.YamuiExtensions.SafeInvoke[T,TResult](T isi, Func`2 call)\r\n   bei _3PA.MainFeatures.CodeExplorer.CodeExplorer.OnStart()\r\n   bei _3PA.MainFeatures.Parser.Pro.ParserHandler.DoParse()"}